episode_index,environment_seed
0,1035791279
1,1573267087
2,515388926
3,281900594
4,1967281081
5,226525528
6,1731590871
7,87252304
8,1275115886
9,1922511059
10,593170335
11,1709684166
12,2086422035
13,429346111
14,1368362657
15,199033848
16,80750258
17,797414944
18,298960527
19,852866789
20,1200710241
21,692710258
22,124087477
23,1265119500
24,1913157678
25,83739141
26,1982043784
27,2033228995
28,1492592700
29,23222525
30,1072664073
31,1368814740
32,1480570212
33,89988359
34,1914907842
35,477906572
36,47655819
37,1900121270
38,1980946056
39,1934257006
40,1958264741
41,1770064587
42,251475082
43,855393379
44,1076193737
45,383500986
46,986819305
47,694599910
48,60861870
49,868239102
50,1402354142
51,1404200755
52,1375470161
53,2085932143
54,2110378186
55,101513705
56,1453337820
57,1972729515
58,1723612253
59,689598514
60,1559921245
61,1677749021
62,1884475708
63,705188858
64,1291877088
65,1835256824
66,1302815350
67,1008115478
68,1204487651
69,45902542
70,1790343592
71,402954573
72,373976334
73,338347629
74,570798559
75,920196975
76,925991223
77,690826358
78,82094176
79,1096774524
80,84249488
81,709555295
82,1483720076
83,7573189
84,1466470158
85,1647547353
86,1868552018
87,335728174
88,571590228
89,703278124
90,821351700
91,1140941471
92,1078551357
93,51702746
94,1382166951
95,1524251051
96,212920981
97,210703393
98,25106500
99,1389132562
